source_image_repo,github_location,rf_docker_link,pull_count,star_count,last_updated
registry1.dso.mil/ironbank/opensource/apache/airflow/airflow,https://github.com/rapidfort/community-images/tree/main/community_images/airflow/airflow/ironbank,https://hub.docker.com/r/rapidfort/airflow-ib,42751,0,2026-05-18T22:32:08.198819Z
registry1.dso.mil/ironbank/opensource/prometheus/alertmanager,https://github.com/rapidfort/community-images/tree/main/community_images/alertmanager/ironbank,https://hub.docker.com/r/rapidfort/alertmanager-ib,23908,0,2026-05-18T22:30:04.573686Z
registry1.dso.mil/ironbank/opensource/grafana/alloy,https://github.com/rapidfort/community-images/tree/main/community_images/alloy/ironbank,https://hub.docker.com/r/rapidfort/alloy-ib,26974,0,2026-05-18T22:31:03.184016Z
registry1.dso.mil/ironbank/opensource/ansible/ansible,https://github.com/rapidfort/community-images/tree/main/community_images/ansible/ironbank,https://hub.docker.com/r/rapidfort/ansible-ib,27214,1,2026-05-18T22:33:23.572532Z
registry1.dso.mil/ironbank/opensource/ansible/ansible-lint,https://github.com/rapidfort/community-images/tree/main/community_images/ansible-lint/ironbank,https://hub.docker.com/r/rapidfort/ansible-lint-ib,26299,0,2026-05-18T22:32:22.453964Z
registry1.dso.mil/ironbank/opensource/ansible/ansible-operator,https://github.com/rapidfort/community-images/tree/main/community_images/ansible-operator/ironbank,https://hub.docker.com/r/rapidfort/ansible-operator-ib,22002,0,2026-05-18T22:31:10.318769Z
registry1.dso.mil/ironbank/opensource/apache/apache2,https://github.com/rapidfort/community-images/tree/main/community_images/apache/ironbank,https://hub.docker.com/r/rapidfort/apache2-ib,96757,12,2026-05-18T22:30:40.203914Z
docker.io/library/httpd,https://github.com/rapidfort/community-images/tree/main/community_images/apache/official,https://hub.docker.com/r/rapidfort/apache-official,94454,9,2026-05-12T19:21:59.473001Z
quay.io/argoproj/argocd,https://github.com/rapidfort/community-images/tree/main/community_images/argocd/quay,https://hub.docker.com/r/rapidfort/argocd,24574,0,2025-09-08T22:12:51.803721Z
registry1.dso.mil/ironbank/big-bang/argocd,https://github.com/rapidfort/community-images/tree/main/community_images/argocd/bigbang-ironbank,https://hub.docker.com/r/rapidfort/argocd-bigbang-ib,27747,0,2026-01-24T22:26:28.355257Z
registry1.dso.mil/ironbank/opensource/argoproj/argocd,https://github.com/rapidfort/community-images/tree/main/community_images/argocd/ironbank,https://hub.docker.com/r/rapidfort/argocd-ib,32143,0,2025-09-29T22:25:17.751191Z
registry1.dso.mil/ironbank/elastic/beats/auditbeat,https://github.com/rapidfort/community-images/tree/main/community_images/auditbeat/ironbank,https://hub.docker.com/r/rapidfort/auditbeat-ib,27233,0,2026-05-18T22:31:01.530923Z
registry1.dso.mil/ironbank/opensource/bats/bats,https://github.com/rapidfort/community-images/tree/main/community_images/bats/ironbank,https://hub.docker.com/r/rapidfort/bats-ib,28697,0,2026-05-18T22:31:33.630703Z
registry1.dso.mil/ironbank/opensource/prometheus/blackbox_exporter,https://github.com/rapidfort/community-images/tree/main/community_images/blackbox-exporter/ironbank,https://hub.docker.com/r/rapidfort/blackbox-exporter-ib,25266,1,2026-05-18T22:31:01.637458Z
registry1.dso.mil/ironbank/hashicorp/boundary,https://github.com/rapidfort/community-images/tree/main/community_images/boundary/ironbank,https://hub.docker.com/r/rapidfort/boundary-ib,22336,0,2026-05-18T22:31:54.681487Z
registry1.dso.mil/ironbank/opensource/containers/buildah,https://github.com/rapidfort/community-images/tree/main/community_images/buildah/ironbank,https://hub.docker.com/r/rapidfort/buildah-ib,22842,0,2026-05-18T22:31:53.082701Z
registry1.dso.mil/ironbank/opensource/apache/camel-k,https://github.com/rapidfort/community-images/tree/main/community_images/camel-k/ironbank,https://hub.docker.com/r/rapidfort/camel-k-ib,19173,0,2025-12-31T22:22:15.4866Z
registry1.dso.mil/ironbank/opensource/cassproject/cass,https://github.com/rapidfort/community-images/tree/main/community_images/cass/ironbank,https://hub.docker.com/r/rapidfort/cass-ib,14794,0,2025-05-15T04:26:11.947053Z
docker.io/library/cassandra,https://github.com/rapidfort/community-images/tree/main/community_images/cassandra/official,https://hub.docker.com/r/rapidfort/cassandra-official,102051,9,2026-01-05T22:42:41.758571Z
registry1.dso.mil/ironbank/opensource/ceph/ceph,https://github.com/rapidfort/community-images/tree/main/community_images/ceph/ironbank,https://hub.docker.com/r/rapidfort/ceph-ib,17280,0,2025-05-13T04:37:03.675899Z
registry1.dso.mil/ironbank/opensource/certtool/certtool,https://github.com/rapidfort/community-images/tree/main/community_images/certtool/ironbank,https://hub.docker.com/r/rapidfort/certtool-ib,11752,0,2024-10-08T01:48:25.460222Z
registry1.dso.mil/ironbank/opensource/helm/chart-testing,https://github.com/rapidfort/community-images/tree/main/community_images/chart-testing/ironbank,https://hub.docker.com/r/rapidfort/chart-testing-ib,29442,0,2026-05-18T22:31:02.597059Z
registry1.dso.mil/ironbank/opensource/clickhouse,https://github.com/rapidfort/community-images/tree/main/community_images/clickhouse/ironbank,https://hub.docker.com/r/rapidfort/clickhouse-ib,19367,0,2025-08-27T01:00:42.987602Z
docker.io/library/clickhouse,https://github.com/rapidfort/community-images/tree/main/community_images/clickhouse/official,https://hub.docker.com/r/rapidfort/clickhouse-official,12321,0,2026-03-17T22:18:01.881835Z
docker.io/concourse/concourse,https://github.com/rapidfort/community-images/tree/main/community_images/concourse/official,https://hub.docker.com/r/rapidfort/concourse-official,6095,0,2025-08-12T12:30:28.788203Z
registry1.dso.mil/ironbank/hashicorp/consul,https://github.com/rapidfort/community-images/tree/main/community_images/consul/ironbank,https://hub.docker.com/r/rapidfort/consul-ib,142519,10,2025-01-08T16:22:28.297648Z
docker.io/hashicorp/consul,https://github.com/rapidfort/community-images/tree/main/community_images/consul/official,https://hub.docker.com/r/rapidfort/consul-official,113439,9,2025-08-13T13:01:53.93497Z
registry1.dso.mil/ironbank/opensource/coredns/coredns,https://github.com/rapidfort/community-images/tree/main/community_images/coredns/ironbank,https://hub.docker.com/r/rapidfort/coredns-ib,16745,0,2026-05-18T22:29:15.562704Z
registry1.dso.mil/ironbank/opensource/apache/couchdb_3,https://github.com/rapidfort/community-images/tree/main/community_images/couchdb/ironbank,https://hub.docker.com/r/rapidfort/couchdb_3-ib,53761,11,2024-10-08T01:52:57.143997Z
docker.io/library/couchdb,https://github.com/rapidfort/community-images/tree/main/community_images/couchdb/official,https://hub.docker.com/r/rapidfort/couchdb-official,67844,11,2025-08-13T12:41:09.755922Z
docker.io/curlimages/curl,https://github.com/rapidfort/community-images/tree/main/community_images/curl/curlimages,https://hub.docker.com/r/rapidfort/curl,100293,7,2026-05-12T19:19:07.681318Z
registry1.dso.mil/ironbank/opensource/dexidp/dex,https://github.com/rapidfort/community-images/tree/main/community_images/dex/ironbank,https://hub.docker.com/r/rapidfort/dex-ib,12782,0,2025-06-24T05:18:11.567941Z
registry1.dso.mil/ironbank/elastic/eck-operator/eck-operator,https://github.com/rapidfort/community-images/tree/main/community_images/eck-operator/ironbank,https://hub.docker.com/r/rapidfort/eck-operator-ib,17620,0,2026-05-18T22:32:42.15207Z
registry1.dso.mil/ironbank/opensource/elasticdump/elasticsearch-dump,https://github.com/rapidfort/community-images/tree/main/community_images/elasticsearch-dump/ironbank,https://hub.docker.com/r/rapidfort/elasticsearch-dump-ib,18088,0,2026-05-18T22:29:03.458133Z
registry1.dso.mil/ironbank/elastic/elasticsearch/elasticsearch,https://github.com/rapidfort/community-images/tree/main/community_images/elasticsearch/ironbank,https://hub.docker.com/r/rapidfort/elasticsearch-ib,4040,0,2025-06-26T12:32:59.796491Z
docker.io/library/elasticsearch,https://github.com/rapidfort/community-images/tree/main/community_images/elasticsearch/official,https://hub.docker.com/r/rapidfort/elasticsearch-official,45069,0,2025-04-09T12:59:04.588799Z
docker.io/envoyproxy/envoy,https://github.com/rapidfort/community-images/tree/main/community_images/envoy/official,https://hub.docker.com/r/rapidfort/envoy-official,101191,7,2026-05-18T22:29:02.989227Z
registry1.dso.mil/ironbank/opensource/etcd/etcd,https://github.com/rapidfort/community-images/tree/main/community_images/etcd/ironbank,https://hub.docker.com/r/rapidfort/etcd-ib,57968,0,2026-05-18T22:36:47.65587Z
registry1.dso.mil/ironbank/elastic/beats/filebeat,https://github.com/rapidfort/community-images/tree/main/community_images/filebeat/ironbank,https://hub.docker.com/r/rapidfort/filebeat-ib,23559,0,2026-05-18T22:30:54.608217Z
registry1.dso.mil/ironbank/opensource/fluent/fluent-bit,https://github.com/rapidfort/community-images/tree/main/community_images/fluent-bit/ironbank,https://hub.docker.com/r/rapidfort/fluent-bit-ib,270651,0,2026-05-18T22:30:58.21545Z
docker.io/fluent/fluent-bit,https://github.com/rapidfort/community-images/tree/main/community_images/fluent-bit/official,https://hub.docker.com/r/rapidfort/fluent-bit-official,11355,0,2025-08-13T12:45:26.684695Z
registry1.dso.mil/ironbank/opensource/fluentd/fluentd-elasticsearch,https://github.com/rapidfort/community-images/tree/main/community_images/fluentd-elasticsearch/ironbank,https://hub.docker.com/r/rapidfort/fluentd-elasticsearch-ib,20242,0,2026-05-18T22:34:51.445296Z
registry1.dso.mil/ironbank/opensource/fluentd/fluentd,https://github.com/rapidfort/community-images/tree/main/community_images/fluentd/ironbank,https://hub.docker.com/r/rapidfort/fluentd-ib,65134,9,2026-05-18T22:34:17.433865Z
registry1.dso.mil/ironbank/opensource/fluentd/fluentd-kubernetes-daemonset,https://github.com/rapidfort/community-images/tree/main/community_images/fluentd-kubernetes-daemonset/ironbank,https://hub.docker.com/r/rapidfort/fluentd-kubernetes-daemonset-ib,17071,0,2026-05-18T22:30:21.048487Z
docker.io/library/fluentd,https://github.com/rapidfort/community-images/tree/main/community_images/fluentd/official,https://hub.docker.com/r/rapidfort/fluentd-official,75249,8,2026-05-12T19:28:08.854197Z
registry1.dso.mil/ironbank/fluxcd/helm-controller,https://github.com/rapidfort/community-images/tree/main/community_images/fluxcd-helm-controller/ironbank,https://hub.docker.com/r/rapidfort/fluxcd-helm-controller-ib,22996,0,2026-05-18T22:35:08.92764Z
registry1.dso.mil/ironbank/fluxcd/image-automation-controller,https://github.com/rapidfort/community-images/tree/main/community_images/fluxcd-image-automation-controller/ironbank,https://hub.docker.com/r/rapidfort/fluxcd-image-automation-controller-ib,20666,0,2026-05-18T22:29:27.76389Z
registry1.dso.mil/ironbank/fluxcd/image-reflector-controller,https://github.com/rapidfort/community-images/tree/main/community_images/fluxcd-image-reflector-controller/ironbank,https://hub.docker.com/r/rapidfort/fluxcd-image-reflector-controller-ib,20964,0,2026-05-18T22:35:24.134691Z
registry1.dso.mil/ironbank/fluxcd/kustomize-controller,https://github.com/rapidfort/community-images/tree/main/community_images/fluxcd-kustomize-controller/ironbank,https://hub.docker.com/r/rapidfort/fluxcd-kustomize-controller-ib,22852,0,2026-01-24T22:14:55.030641Z
registry1.dso.mil/ironbank/fluxcd/notification-controller,https://github.com/rapidfort/community-images/tree/main/community_images/fluxcd-notification-controller/ironbank,https://hub.docker.com/r/rapidfort/fluxcd-notification-controller-ib,20672,0,2026-05-18T22:30:37.413487Z
registry1.dso.mil/ironbank/fluxcd/source-controller,https://github.com/rapidfort/community-images/tree/main/community_images/fluxcd-source-controller/ironbank,https://hub.docker.com/r/rapidfort/fluxcd-source-controller-ib,20222,0,2026-01-24T22:20:04.481503Z
registry1.dso.mil/ironbank/opensource/openpolicyagent/gatekeeper,https://github.com/rapidfort/community-images/tree/main/community_images/gatekeeper/ironbank,https://hub.docker.com/r/rapidfort/gatekeeper-ib,18750,0,2026-05-18T22:35:05.319637Z
registry1.dso.mil/ironbank/opensource/git-lfs/git-lfs,https://github.com/rapidfort/community-images/tree/main/community_images/git-lfs/ironbank,https://hub.docker.com/r/rapidfort/git-lfs-ib,16034,0,2025-04-25T04:25:48.49774Z
registry1.dso.mil/ironbank/gitlab/gitlab/gitaly,https://github.com/rapidfort/community-images/tree/main/community_images/gitaly/ironbank,https://hub.docker.com/r/rapidfort/gitaly-ib,7668,0,2025-06-29T04:44:52.099273Z
registry1.dso.mil/ironbank/gitlab/gitlab/gitaly,https://github.com/rapidfort/community-images/tree/main/community_images/gitaly/ironbank,https://hub.docker.com/r/rapidfort/gitaly-ib,7668,0,2025-06-29T04:44:52.099273Z
registry1.dso.mil/ironbank/gitlab/gitlab/certificates,https://github.com/rapidfort/community-images/tree/main/community_images/gitlab-certificates/ironbank,https://hub.docker.com/r/rapidfort/gitlab-certificates-ib,9507,0,2024-10-24T02:05:57.550459Z
registry1.dso.mil/ironbank/gitlab/gitlab/cfssl-self-sign,https://github.com/rapidfort/community-images/tree/main/community_images/gitlab-cfssl-self-sign/ironbank,https://hub.docker.com/r/rapidfort/gitlab-cfssl-self-sign-ib,18758,0,2026-05-18T22:34:24.973082Z
registry1.dso.mil/ironbank/gitlab/gitlab/gitlab-container-registry,https://github.com/rapidfort/community-images/tree/main/community_images/gitlab-container-registry/ironbank,https://hub.docker.com/r/rapidfort/gitlab-container-registry-ib,9742,0,2024-11-15T04:55:31.803714Z
registry1.dso.mil/ironbank/gitlab/gitlab/gitlab-exporter,https://github.com/rapidfort/community-images/tree/main/community_images/gitlab-exporter/ironbank,https://hub.docker.com/r/rapidfort/gitlab-exporter-ib,9430,0,2025-04-08T20:51:41.708311Z
registry1.dso.mil/ironbank/gitlab/gitlab/kas,https://github.com/rapidfort/community-images/tree/main/community_images/gitlab-kas/ironbank,https://hub.docker.com/r/rapidfort/gitlab-kas-ib,6263,0,2024-11-15T04:59:49.860898Z
registry1.dso.mil/ironbank/gitlab/gitlab-runner/gitlab-runner,https://github.com/rapidfort/community-images/tree/main/community_images/gitlab-runner/ironbank,https://hub.docker.com/r/rapidfort/gitlab-runner-ib,13635,0,2025-07-17T04:49:26.950346Z
registry1.dso.mil/ironbank/gitlab/gitlab/gitlab-shell,https://github.com/rapidfort/community-images/tree/main/community_images/gitlab-shell/ironbank,https://hub.docker.com/r/rapidfort/gitlab-shell-ib,4921,0,2024-10-17T05:01:45.188961Z
registry1.dso.mil/ironbank/gitlab/gitlab/gitlab-workhorse,https://github.com/rapidfort/community-images/tree/main/community_images/gitlab-workhorse/ironbank,https://hub.docker.com/r/rapidfort/gitlab-workhorse-ib,8902,0,2024-10-17T02:11:29.688192Z
registry1.dso.mil/ironbank/opensource/grafana/grafana,https://github.com/rapidfort/community-images/tree/main/community_images/grafana/ironbank,https://hub.docker.com/r/rapidfort/grafana-ib,42571,0,2026-01-24T22:49:23.715506Z
docker.io/grafana/grafana,https://github.com/rapidfort/community-images/tree/main/community_images/grafana/official,https://hub.docker.com/r/rapidfort/grafana-official,8887,0,2025-02-18T20:27:57.610271Z
registry1.dso.mil/ironbank/big-bang/grafana/grafana-plugins,https://github.com/rapidfort/community-images/tree/main/community_images/grafana-plugins/ironbank,https://hub.docker.com/r/rapidfort/grafana-plugins-ib,12787,0,2025-07-25T00:52:13.064303Z
docker.io/grafana/promtail,https://github.com/rapidfort/community-images/tree/main/community_images/grafana-promtail/official,https://hub.docker.com/r/rapidfort/grafana-promtail-official,16056,0,2026-05-17T22:47:58.348735Z
registry1.dso.mil/ironbank/opensource/hadolint/hadolint,https://github.com/rapidfort/community-images/tree/main/community_images/hadolint/ironbank,https://hub.docker.com/r/rapidfort/hadolint-ib,24157,1,2026-05-18T22:34:19.952267Z
registry1.dso.mil/ironbank/opensource/haproxy/haproxy24,https://github.com/rapidfort/community-images/tree/main/community_images/haproxy/ironbank,https://hub.docker.com/r/rapidfort/haproxy24-ib,94704,10,2025-12-24T23:07:18.772678Z
registry1.dso.mil/ironbank/opensource/haproxy/haproxy-latest,https://github.com/rapidfort/community-images/tree/main/community_images/haproxy-latest/ironbank,https://hub.docker.com/r/rapidfort/haproxy-latest-ib,20895,0,2025-09-29T22:54:38.94026Z
docker.io/library/haproxy,https://github.com/rapidfort/community-images/tree/main/community_images/haproxy/official,https://hub.docker.com/r/rapidfort/haproxy-official,199942,9,2026-05-18T23:03:10.525932Z
registry1.dso.mil/ironbank/elastic/beats/heartbeat,https://github.com/rapidfort/community-images/tree/main/community_images/heartbeat/ironbank,https://hub.docker.com/r/rapidfort/heartbeat-ib,21411,0,2026-05-18T22:31:42.351464Z
docker.io/library/influxdb,https://github.com/rapidfort/community-images/tree/main/community_images/influxdb/official,https://hub.docker.com/r/rapidfort/influxdb-official,4891,0,2026-05-12T19:21:06.556697Z
registry1.dso.mil/ironbank/opensource/prometheus/jmx-exporter,https://github.com/rapidfort/community-images/tree/main/community_images/jmx-exporter/ironbank,https://hub.docker.com/r/rapidfort/jmx-exporter-ib,12025,0,2024-09-22T02:16:20.471283Z
registry1.dso.mil/ironbank/stedolan/jq,https://github.com/rapidfort/community-images/tree/main/community_images/jq/ironbank,https://hub.docker.com/r/rapidfort/jq-ib,23627,0,2026-05-18T22:36:34.656865Z
registry1.dso.mil/ironbank/opensource/k6/k6,https://github.com/rapidfort/community-images/tree/main/community_images/k6/ironbank,https://hub.docker.com/r/rapidfort/k6-ib,17387,0,2026-01-24T22:51:21.419581Z
registry1.dso.mil/ironbank/kiwigrid/k8s-sidecar,https://github.com/rapidfort/community-images/tree/main/community_images/k8s-sidecar/ironbank,https://hub.docker.com/r/rapidfort/k8s-sidecar-ib,20219,0,2026-05-18T22:36:41.947368Z
docker.io/kiwigrid/k8s-sidecar,https://github.com/rapidfort/community-images/tree/main/community_images/k8s-sidecar/official,https://hub.docker.com/r/rapidfort/k8s-sidecar-official,15559,0,2025-12-24T23:05:16.624923Z
registry1.dso.mil/ironbank/opensource/kaniko/kaniko,https://github.com/rapidfort/community-images/tree/main/community_images/kaniko/ironbank,https://hub.docker.com/r/rapidfort/kaniko-ib,8460,1,2024-05-31T01:07:08.462989Z
docker.io/keycloak/keycloak,https://github.com/rapidfort/community-images/tree/main/community_images/keycloak/official,https://hub.docker.com/r/rapidfort/keycloak-official,24178,0,2025-02-18T16:34:03.538953Z
registry1.dso.mil/ironbank/elastic/kibana/kibana,https://github.com/rapidfort/community-images/tree/main/community_images/kibana/ironbank,https://hub.docker.com/r/rapidfort/kibana-ib,21818,0,2025-05-21T04:38:06.58749Z
docker.io/library/kong,https://github.com/rapidfort/community-images/tree/main/community_images/kong/official,https://hub.docker.com/r/rapidfort/kong,95312,9,2026-05-16T22:53:19.334081Z
registry1.dso.mil/ironbank/kong/kong/kongkic,https://github.com/rapidfort/community-images/tree/main/community_images/kongkic/ironbank,https://hub.docker.com/r/rapidfort/kongkic-ib,16175,0,2026-05-18T22:40:43.539663Z
registry1.dso.mil/ironbank/opensource/jet/kube-webhook-certgen,https://github.com/rapidfort/community-images/tree/main/community_images/kube-webhook-certgen/ironbank,https://hub.docker.com/r/rapidfort/kube-webhook-certgen-ib,9823,0,2024-08-14T09:17:57.727174Z
registry1.dso.mil/ironbank/opensource/kubernetes/1.27/kubectl,https://github.com/rapidfort/community-images/tree/main/community_images/kubectl/ironbank,https://hub.docker.com/r/rapidfort/kubectl-ib,27816,0,2026-05-18T22:32:22.427967Z
registry1.dso.mil/ironbank/opensource/kyverno/kyverno/background-controller,https://github.com/rapidfort/community-images/tree/main/community_images/kyverno-background-controller/ironbank,https://hub.docker.com/r/rapidfort/kyverno-background-controller-ib,15370,0,2025-07-10T05:06:58.441992Z
registry1.dso.mil/ironbank/opensource/kyverno/kyverno/cleanup-controller,https://github.com/rapidfort/community-images/tree/main/community_images/kyverno-cleanup-controller/ironbank,https://hub.docker.com/r/rapidfort/kyverno-cleanup-controller-ib,17514,0,2025-09-29T22:24:13.099426Z
registry1.dso.mil/ironbank/opensource/kyverno/kyverno/reports-controller,https://github.com/rapidfort/community-images/tree/main/community_images/kyverno-reports-controller/ironbank,https://hub.docker.com/r/rapidfort/kyverno-reports-controller-ib,15279,0,2025-07-10T05:42:19.325424Z
registry1.dso.mil/ironbank/elastic/logstash/logstash,https://github.com/rapidfort/community-images/tree/main/community_images/logstash/ironbank,https://hub.docker.com/r/rapidfort/logstash-ib,21212,0,2026-05-18T22:46:15.543876Z
registry1.dso.mil/ironbank/opensource/mariadb/mariadb,https://github.com/rapidfort/community-images/tree/main/community_images/mariadb/ironbank,https://hub.docker.com/r/rapidfort/mariadb-ib,102395,8,2025-03-24T04:24:48.673211Z
docker.io/library/mariadb,https://github.com/rapidfort/community-images/tree/main/community_images/mariadb/official,https://hub.docker.com/r/rapidfort/mariadb-official,93769,11,2026-05-16T23:02:51.772295Z
registry1.dso.mil/ironbank/opensource/minio/mc,https://github.com/rapidfort/community-images/tree/main/community_images/mc/ironbank,https://hub.docker.com/r/rapidfort/mc-ib,20515,0,2026-05-15T14:18:23.425476Z
registry1.dso.mil/ironbank/opensource/memcached/memcached,https://github.com/rapidfort/community-images/tree/main/community_images/memcached/ironbank,https://hub.docker.com/r/rapidfort/memcached-ib,79981,12,2026-05-17T22:26:20.292085Z
docker.io/library/memcached,https://github.com/rapidfort/community-images/tree/main/community_images/memcached/official,https://hub.docker.com/r/rapidfort/memcached-official,61999,9,2026-05-12T19:29:28.409487Z
registry1.dso.mil/ironbank/opensource/metabase/metabase,https://github.com/rapidfort/community-images/tree/main/community_images/metabase/ironbank,https://hub.docker.com/r/rapidfort/metabase-ib,13114,0,2025-04-03T12:56:04.734925Z
registry1.dso.mil/ironbank/elastic/beats/metricbeat,https://github.com/rapidfort/community-images/tree/main/community_images/metricbeat/ironbank,https://hub.docker.com/r/rapidfort/metricbeat-ib,20941,0,2026-05-18T22:41:43.582811Z
registry1.dso.mil/ironbank/opensource/kubernetes-sigs/metrics-server,https://github.com/rapidfort/community-images/tree/main/community_images/metrics-server/ironbank,https://hub.docker.com/r/rapidfort/metrics-server-ib,19390,0,2026-05-18T22:42:08.289363Z
registry1.dso.mil/ironbank/microsoft/microsoft/microsoft-sql-server-2019,https://github.com/rapidfort/community-images/tree/main/community_images/microsoft-sql-server-2019/ironbank,https://hub.docker.com/r/rapidfort/microsoft-sql-server-2019-ib,166886,39,2024-12-17T01:27:18.790809Z
registry1.dso.mil/ironbank/opensource/minio/console,https://github.com/rapidfort/community-images/tree/main/community_images/minio-console/ironbank,https://hub.docker.com/r/rapidfort/minio-console-ib,8772,0,2025-05-08T09:48:20.529365Z
registry1.dso.mil/ironbank/opensource/minio/minio,https://github.com/rapidfort/community-images/tree/main/community_images/minio/ironbank,https://hub.docker.com/r/rapidfort/minio-ib,12649,0,2025-05-26T05:52:26.462045Z
registry1.dso.mil/ironbank/opensource/minio/operator,https://github.com/rapidfort/community-images/tree/main/community_images/minio-operator/ironbank,https://hub.docker.com/r/rapidfort/minio-operator-ib,25146,0,2026-05-15T14:20:57.199912Z
registry1.dso.mil/ironbank/opensource/minio/operator-sidecar,https://github.com/rapidfort/community-images/tree/main/community_images/minio-operator-sidecar/ironbank,https://hub.docker.com/r/rapidfort/minio-operator-sidecar-ib,9014,0,2025-01-23T04:47:29.007637Z
registry1.dso.mil/ironbank/opensource/mkdocs,https://github.com/rapidfort/community-images/tree/main/community_images/mkdocs/ironbank,https://hub.docker.com/r/rapidfort/mkdocs-ib,23646,0,2026-05-18T22:41:39.989812Z
registry1.dso.mil/ironbank/opensource/molecule/molecule,https://github.com/rapidfort/community-images/tree/main/community_images/molecule/ironbank,https://hub.docker.com/r/rapidfort/molecule-ib,17049,0,2026-05-18T22:44:20.815624Z
registry1.dso.mil/ironbank/opensource/mongodb/mongodb,https://github.com/rapidfort/community-images/tree/main/community_images/mongodb/ironbank,https://hub.docker.com/r/rapidfort/mongodb-ib,130921,10,2025-12-24T23:04:25.792793Z
docker.io/library/mongo,https://github.com/rapidfort/community-images/tree/main/community_images/mongodb/official,https://hub.docker.com/r/rapidfort/mongodb-official,221734,12,2025-09-25T23:03:11.368846Z
registry1.dso.mil/ironbank/opensource/moodle,https://github.com/rapidfort/community-images/tree/main/community_images/moodle/ironbank,https://hub.docker.com/r/rapidfort/moodle-ib,30451,2,2026-05-18T22:39:39.076082Z
registry1.dso.mil/ironbank/opensource/mysql/mysql8,https://github.com/rapidfort/community-images/tree/main/community_images/mysql/ironbank,https://hub.docker.com/r/rapidfort/mysql8-ib,120761,9,2026-05-18T22:41:29.497111Z
docker.io/library/mysql,https://github.com/rapidfort/community-images/tree/main/community_images/mysql/official,https://hub.docker.com/r/rapidfort/mysql-official,79196,9,2026-03-20T22:43:01.664986Z
registry1.dso.mil/ironbank/opensource/synadia/nats-server,https://github.com/rapidfort/community-images/tree/main/community_images/nats/ironbank,https://hub.docker.com/r/rapidfort/nats-ib,40808,0,2025-09-27T23:33:16.188182Z
docker.io/library/nats,https://github.com/rapidfort/community-images/tree/main/community_images/nats/official,https://hub.docker.com/r/rapidfort/nats-official,45578,9,2025-08-14T01:54:15.640164Z
docker.io/library/neo4j,https://github.com/rapidfort/community-images/tree/main/community_images/neo4j/official,https://hub.docker.com/r/rapidfort/neo4j-official,9808,0,2026-05-12T19:41:48.229201Z
registry1.dso.mil/ironbank/opensource/nginx/nginx,https://github.com/rapidfort/community-images/tree/main/community_images/nginx/ironbank,https://hub.docker.com/r/rapidfort/nginx-ib,195791,11,2026-05-18T22:35:40.815148Z
docker.io/library/nginx,https://github.com/rapidfort/community-images/tree/main/community_images/nginx/official,https://hub.docker.com/r/rapidfort/nginx-official,191543,14,2026-05-18T22:41:10.164514Z
registry1.dso.mil/ironbank/opensource/apache/nifi,https://github.com/rapidfort/community-images/tree/main/community_images/nifi/ironbank,https://hub.docker.com/r/rapidfort/nifi-ib,31757,0,2026-05-18T22:42:01.208542Z
registry1.dso.mil/ironbank/opensource/apache/nifi-registry,https://github.com/rapidfort/community-images/tree/main/community_images/nifi-registry/ironbank,https://hub.docker.com/r/rapidfort/nifi-registry-ib,16091,0,2026-05-18T22:36:55.645586Z
registry1.dso.mil/ironbank/opensource/prometheus/node-exporter,https://github.com/rapidfort/community-images/tree/main/community_images/node-exporter/ironbank,https://hub.docker.com/r/rapidfort/node-exporter-ib,30420,0,2026-05-18T22:39:06.481712Z
docker.io/prom/node-exporter,https://github.com/rapidfort/community-images/tree/main/community_images/node-exporter/official,https://hub.docker.com/r/rapidfort/node-exporter-official,13397,0,2025-08-14T01:39:13.611729Z
docker.io/grafana/oncall,https://github.com/rapidfort/community-images/tree/main/community_images/oncall/grafana,https://hub.docker.com/r/rapidfort/oncall,114611,10,2025-08-13T12:59:23.253426Z
registry1.dso.mil/ironbank/opensource/openpolicyagent/opa,https://github.com/rapidfort/community-images/tree/main/community_images/opa/ironbank,https://hub.docker.com/r/rapidfort/opa-ib,16163,0,2026-05-18T22:43:18.790976Z
registry1.dso.mil/ironbank/opensource/openldap,https://github.com/rapidfort/community-images/tree/main/community_images/openldap/ironbank,https://hub.docker.com/r/rapidfort/openldap-ib,12910,0,2025-05-14T00:59:52.936063Z
registry1.dso.mil/ironbank/f18-navy-boeing/osee/osee-postgres,https://github.com/rapidfort/community-images/tree/main/community_images/osee-postgres/ironbank,https://hub.docker.com/r/rapidfort/osee-postgres-ib,15001,0,2026-05-15T14:28:25.755033Z
registry1.dso.mil/ironbank/elastic/beats/packetbeat,https://github.com/rapidfort/community-images/tree/main/community_images/packetbeat/ironbank,https://hub.docker.com/r/rapidfort/packetbeat-ib,20805,0,2026-05-18T22:44:00.628041Z
registry1.dso.mil/ironbank/opensource/pause/pause,https://github.com/rapidfort/community-images/tree/main/community_images/pause/ironbank,https://hub.docker.com/r/rapidfort/pause-ib,24158,0,2026-05-18T22:40:33.394043Z
registry1.dso.mil/ironbank/opensource/pgadmin,https://github.com/rapidfort/community-images/tree/main/community_images/pgadmin/ironbank,https://hub.docker.com/r/rapidfort/pgadmin-ib,13428,1,2025-04-07T05:06:11.100158Z
docker.io/pgbouncer/pgbouncer,https://github.com/rapidfort/community-images/tree/main/community_images/pgbouncer/official,https://hub.docker.com/r/rapidfort/pgbouncer-official,34156,0,2026-05-18T22:43:08.928254Z
registry1.dso.mil/ironbank/opensource/containers/podman,https://github.com/rapidfort/community-images/tree/main/community_images/podman/ironbank,https://hub.docker.com/r/rapidfort/podman-ib,21466,0,2026-05-18T22:49:05.612339Z
registry1.dso.mil/ironbank/opensource/postfix,https://github.com/rapidfort/community-images/tree/main/community_images/postfix/ironbank,https://hub.docker.com/r/rapidfort/postfix-ib,8829,0,2025-03-07T13:01:02.757626Z
registry1.dso.mil/ironbank/opensource/prometheus/postgres-exporter,https://github.com/rapidfort/community-images/tree/main/community_images/postgres-exporter/ironbank,https://hub.docker.com/r/rapidfort/postgres-exporter-ib,18528,0,2026-01-21T23:20:30.826403Z
registry1.dso.mil/ironbank/opensource/postgres/postgresql12,https://github.com/rapidfort/community-images/tree/main/community_images/postgresql/ironbank,https://hub.docker.com/r/rapidfort/postgresql12-ib,135177,11,2025-12-24T23:41:55.887621Z
docker.io/library/postgres,https://github.com/rapidfort/community-images/tree/main/community_images/postgresql/official,https://hub.docker.com/r/rapidfort/postgresql-official,348089,15,2026-05-18T23:48:08.446025Z
registry1.dso.mil/ironbank/opensource/prometheus-operator/prometheus-config-reloader,https://github.com/rapidfort/community-images/tree/main/community_images/prometheus-config-reloader/ironbank,https://hub.docker.com/r/rapidfort/prometheus-config-reloader-ib,21777,0,2026-05-18T22:42:12.828985Z
registry1.dso.mil/ironbank/opensource/prometheus/prometheus,https://github.com/rapidfort/community-images/tree/main/community_images/prometheus/ironbank,https://hub.docker.com/r/rapidfort/prometheus-ib,33663,0,2025-07-15T05:23:16.270449Z
docker.io/ubuntu/prometheus,https://github.com/rapidfort/community-images/tree/main/community_images/prometheus/official,https://hub.docker.com/r/rapidfort/prometheus-official,7278,0,2025-08-13T13:22:22.807201Z
registry1.dso.mil/ironbank/opensource/prometheus-operator/prometheus-operator,https://github.com/rapidfort/community-images/tree/main/community_images/prometheus-operator/ironbank,https://hub.docker.com/r/rapidfort/prometheus-operator-ib,18187,0,2026-05-18T22:47:11.511468Z
docker.io/library/rabbitmq,https://github.com/rapidfort/community-images/tree/main/community_images/rabbitmq/official,https://hub.docker.com/r/rapidfort/rabbitmq-official,33764,0,2026-05-12T19:38:15.773271Z
registry1.dso.mil/ironbank/opensource/redis/redis6,https://github.com/rapidfort/community-images/tree/main/community_images/redis/ironbank,https://hub.docker.com/r/rapidfort/redis6-ib,144289,11,2026-05-17T22:26:50.555393Z
docker.io/library/redis,https://github.com/rapidfort/community-images/tree/main/community_images/redis/official,https://hub.docker.com/r/rapidfort/redis-official,154593,10,2026-05-12T19:42:56.945649Z
registry1.dso.mil/ironbank/opensource/redis/redis-sentinel,https://github.com/rapidfort/community-images/tree/main/community_images/redis-sentinel/ironbank,https://hub.docker.com/r/rapidfort/redis-sentinel-ib,22535,0,2026-05-18T22:45:18.47134Z
registry1.dso.mil/ironbank/opensource/docker/registry-v2,https://github.com/rapidfort/community-images/tree/main/community_images/registry-v2/ironbank,https://hub.docker.com/r/rapidfort/registry-v2-ib,17289,1,2026-05-18T22:48:29.291397Z
registry1.dso.mil/ironbank/opensource/shellcheck/shellcheck,https://github.com/rapidfort/community-images/tree/main/community_images/shellcheck/ironbank,https://hub.docker.com/r/rapidfort/shellcheck-ib,19324,0,2026-05-18T22:46:28.560678Z
docker.io/koalaman/shellcheck-alpine,https://github.com/rapidfort/community-images/tree/main/community_images/shellcheck/official,https://hub.docker.com/r/rapidfort/shellcheck-official,4050,0,2025-08-13T13:42:38.728712Z
registry1.dso.mil/ironbank/opensource/containers/skopeo,https://github.com/rapidfort/community-images/tree/main/community_images/skopeo/ironbank,https://hub.docker.com/r/rapidfort/skopeo-ib,18372,0,2026-05-18T22:48:07.423411Z
registry1.dso.mil/ironbank/opensource/solr/solr-8,https://github.com/rapidfort/community-images/tree/main/community_images/solr-8/ironbank,https://hub.docker.com/r/rapidfort/solr-8-ib,9717,0,2025-01-21T01:27:11.54937Z
registry1.dso.mil/ironbank/opensource/sqlite/sqlite,https://github.com/rapidfort/community-images/tree/main/community_images/sqlite/ironbank,https://hub.docker.com/r/rapidfort/sqlite-ib,20770,0,2026-05-18T22:50:05.660086Z
registry1.dso.mil/ironbank/opensource/grafana/tempo-query,https://github.com/rapidfort/community-images/tree/main/community_images/tempo-query/ironbank,https://hub.docker.com/r/rapidfort/tempo-query-ib,15026,0,2026-05-18T22:47:34.089673Z
registry1.dso.mil/ironbank/hashicorp/terraform/1.7,https://github.com/rapidfort/community-images/tree/main/community_images/terraform/ironbank,https://hub.docker.com/r/rapidfort/terraform-ib,21507,0,2026-05-18T22:46:10.434282Z
registry1.dso.mil/ironbank/opensource/gruntwork-io/terragrunt,https://github.com/rapidfort/community-images/tree/main/community_images/terragrunt/ironbank,https://hub.docker.com/r/rapidfort/terragrunt-ib,22149,0,2025-08-18T13:13:37.442139Z
registry1.dso.mil/ironbank/opensource/tflint/tflint,https://github.com/rapidfort/community-images/tree/main/community_images/tflint/ironbank,https://hub.docker.com/r/rapidfort/tflint-ib,17003,0,2026-05-18T22:46:59.532444Z
registry1.dso.mil/ironbank/opensource/thanos/thanos,https://github.com/rapidfort/community-images/tree/main/community_images/thanos/ironbank,https://hub.docker.com/r/rapidfort/thanos-ib,25761,0,2026-05-18T22:51:46.182187Z
registry1.dso.mil/ironbank/opensource/apache/tika,https://github.com/rapidfort/community-images/tree/main/community_images/tika/ironbank,https://hub.docker.com/r/rapidfort/tika-ib,22859,0,2026-05-18T22:48:20.599544Z
registry1.dso.mil/ironbank/opensource/apache/tomcat-openjdk11,https://github.com/rapidfort/community-images/tree/main/community_images/tomcat/ironbank,https://hub.docker.com/r/rapidfort/tomcat-openjdk11-ib,17343,0,2026-05-18T22:46:54.426547Z
registry1.dso.mil/ironbank/opensource/apache/tomcat-openjdk8,https://github.com/rapidfort/community-images/tree/main/community_images/tomcat-openjdk8/ironbank,https://hub.docker.com/r/rapidfort/tomcat-openjdk8-ib,11419,0,2025-09-01T22:52:59.119744Z
registry1.dso.mil/ironbank/opensource/apache/tomcat10-openjdk17,https://github.com/rapidfort/community-images/tree/main/community_images/tomcat10/ironbank,https://hub.docker.com/r/rapidfort/tomcat10-openjdk17-ib,20896,0,2026-05-18T22:51:49.893898Z
registry1.dso.mil/ironbank/opensource/apache/tomcat9-openjdk11,https://github.com/rapidfort/community-images/tree/main/community_images/tomcat9/ironbank,https://hub.docker.com/r/rapidfort/tomcat9-openjdk11-ib,23104,0,2026-05-18T22:52:26.517937Z
docker.io/library/traefik,https://github.com/rapidfort/community-images/tree/main/community_images/traefik/traefik,https://hub.docker.com/r/rapidfort/traefik,71945,16,2026-05-17T22:37:09.733542Z
registry1.dso.mil/ironbank/opensource/traefik/traefik,https://github.com/rapidfort/community-images/tree/main/community_images/traefik/ironbank,https://hub.docker.com/r/rapidfort/traefik-ib,38137,0,2026-05-18T22:47:33.404427Z
registry1.dso.mil/ironbank/opensource/vale/vale,https://github.com/rapidfort/community-images/tree/main/community_images/vale/ironbank,https://hub.docker.com/r/rapidfort/vale-ib,17863,0,2026-05-18T22:47:45.659477Z
docker.io/hashicorp/vault,https://github.com/rapidfort/community-images/tree/main/community_images/vault/hashicorp,https://hub.docker.com/r/rapidfort/vault,44910,11,2025-08-13T13:18:27.771199Z
registry1.dso.mil/ironbank/hashicorp/vault/1.15,https://github.com/rapidfort/community-images/tree/main/community_images/vault/ironbank,https://hub.docker.com/r/rapidfort/vault-ib,7741,0,2024-08-12T02:20:46.42854Z
registry1.dso.mil/ironbank/hashicorp/vault/vault-k8s,https://github.com/rapidfort/community-images/tree/main/community_images/vault-k8s/ironbank,https://hub.docker.com/r/rapidfort/vault-k8s-ib,24318,0,2026-05-18T22:44:36.550205Z
registry1.dso.mil/ironbank/opensource/loft-sh/vcluster,https://github.com/rapidfort/community-images/tree/main/community_images/vcluster/ironbank,https://hub.docker.com/r/rapidfort/vcluster-ib,13757,1,2026-05-18T22:50:23.783557Z
registry1.dso.mil/ironbank/opensource/velero/velero,https://github.com/rapidfort/community-images/tree/main/community_images/velero/ironbank,https://hub.docker.com/r/rapidfort/velero-ib,17487,0,2025-09-08T23:24:21.250799Z
registry1.dso.mil/ironbank/opensource/wordpress/wordpress,https://github.com/rapidfort/community-images/tree/main/community_images/wordpress/ironbank,https://hub.docker.com/r/rapidfort/wordpress-ib,21587,0,2024-08-12T05:13:49.460997Z
docker.io/library/yourls,https://github.com/rapidfort/community-images/tree/main/community_images/yourls/official,https://hub.docker.com/r/rapidfort/yourls,42138,10,2025-03-19T08:52:14.795677Z
registry1.dso.mil/ironbank/opensource/yq/yq,https://github.com/rapidfort/community-images/tree/main/community_images/yq/ironbank,https://hub.docker.com/r/rapidfort/yq-ib,22228,0,2026-05-18T22:48:21.273024Z
docker.io/mikefarah/yq,https://github.com/rapidfort/community-images/tree/main/community_images/yq/official,https://hub.docker.com/r/rapidfort/yq-official,4366,0,2025-08-13T13:27:38.070289Z
registry1.dso.mil/ironbank/opensource/zeek/zeek,https://github.com/rapidfort/community-images/tree/main/community_images/zeek/ironbank,https://hub.docker.com/r/rapidfort/zeek-ib,3764,0,2024-09-21T03:03:49.347814Z
registry1.dso.mil/ironbank/opensource/apache/zookeeper,https://github.com/rapidfort/community-images/tree/main/community_images/zookeeper/ironbank,https://hub.docker.com/r/rapidfort/zookeeper-ib,111966,10,2026-05-18T22:49:41.966645Z
docker.io/library/zookeeper,https://github.com/rapidfort/community-images/tree/main/community_images/zookeeper/official,https://hub.docker.com/r/rapidfort/zookeeper-official,105957,12,2026-05-16T22:48:27.308302Z
